DAUID,nearest_hospital
35210001,Brampton Civic Hospital
35210002,Brampton Civic Hospital
35210003,Brampton Civic Hospital
35210004,Brampton Civic Hospital
35210011,Brampton Civic Hospital
35210013,Brampton Civic Hospital
35210014,Brampton Civic Hospital
35210015,Brampton Civic Hospital
35210017,Brampton Civic Hospital
35210018,Brampton Civic Hospital
35210019,Peel Memorial Centre
35210023,Peel Memorial Centre
35210024,Peel Memorial Centre
35210025,Peel Memorial Centre
35210026,Peel Memorial Centre
35210027,Peel Memorial Centre
35210028,Peel Memorial Centre
35210029,Brampton Civic Hospital
35210030,Brampton Civic Hospital
35210031,Brampton Civic Hospital
35210032,Brampton Civic Hospital
35210033,Brampton Civic Hospital
35210034,Brampton Civic Hospital
35210035,Brampton Civic Hospital
35210036,Brampton Civic Hospital
35210037,Brampton Civic Hospital
35210041,Brampton Civic Hospital
35210042,Brampton Civic Hospital
35210043,Peel Memorial Centre
35210044,Peel Memorial Centre
35210045,Peel Memorial Centre
35210046,Peel Memorial Centre
35210047,Peel Memorial Centre
35210048,Peel Memorial Centre
35210049,Peel Memorial Centre
35210050,Peel Memorial Centre
35210051,Peel Memorial Centre
35210052,Peel Memorial Centre
35210053,Peel Memorial Centre
35210054,Peel Memorial Centre
35210055,Peel Memorial Centre
35210057,Peel Memorial Centre
35210058,Peel Memorial Centre
35210059,Peel Memorial Centre
35210060,Peel Memorial Centre
35210061,Peel Memorial Centre
35210063,Peel Memorial Centre
35210065,Peel Memorial Centre
35210066,Peel Memorial Centre
35210067,Peel Memorial Centre
35210068,Peel Memorial Centre
35210069,Peel Memorial Centre
35210070,Peel Memorial Centre
35210071,Peel Memorial Centre
35210072,Peel Memorial Centre
35210073,Peel Memorial Centre
35210074,Peel Memorial Centre
35210075,Brampton Civic Hospital
35210076,Brampton Civic Hospital
35210077,Brampton Civic Hospital
35210078,Brampton Civic Hospital
35210079,Brampton Civic Hospital
35210080,Brampton Civic Hospital
35210081,Brampton Civic Hospital
35210082,Brampton Civic Hospital
35210083,Brampton Civic Hospital
35210090,Brampton Civic Hospital
35210094,Brampton Civic Hospital
35210095,Brampton Civic Hospital
35210096,Brampton Civic Hospital
35210097,Brampton Civic Hospital
35210098,Brampton Civic Hospital
35210099,Brampton Civic Hospital
35210100,Brampton Civic Hospital
35210104,Brampton Civic Hospital
35210105,Brampton Civic Hospital
35210106,Brampton Civic Hospital
35210107,Brampton Civic Hospital
35210108,Brampton Civic Hospital
35210109,Peel Memorial Centre
35210110,Peel Memorial Centre
35210111,Peel Memorial Centre
35210112,Peel Memorial Centre
35210113,Peel Memorial Centre
35210114,Peel Memorial Centre
35210115,Peel Memorial Centre
35210116,Peel Memorial Centre
35210117,Peel Memorial Centre
35210118,Peel Memorial Centre
35210119,Peel Memorial Centre
35210120,Peel Memorial Centre
35210121,Brampton Civic Hospital
35210122,Brampton Civic Hospital
35210124,Brampton Civic Hospital
35210125,Brampton Civic Hospital
35210130,Peel Memorial Centre
35210131,Peel Memorial Centre
35210132,Peel Memorial Centre
35210133,Peel Memorial Centre
35210145,Peel Memorial Centre
35210146,Peel Memorial Centre
35210147,Peel Memorial Centre
35210148,Peel Memorial Centre
35210151,Peel Memorial Centre
35210152,Peel Memorial Centre
35210153,Peel Memorial Centre
35210154,Peel Memorial Centre
35210155,Peel Memorial Centre
35210156,Peel Memorial Centre
35210157,Peel Memorial Centre
35210158,Peel Memorial Centre
35210159,Peel Memorial Centre
35210160,Peel Memorial Centre
35210161,Peel Memorial Centre
35210162,Peel Memorial Centre
35210163,Peel Memorial Centre
35210164,Peel Memorial Centre
35210165,Peel Memorial Centre
35210166,Peel Memorial Centre
35210167,Peel Memorial Centre
35210168,Peel Memorial Centre
35210169,Peel Memorial Centre
35210170,Peel Memorial Centre
35210171,Peel Memorial Centre
35210172,Peel Memorial Centre
35210173,Peel Memorial Centre
35210174,Peel Memorial Centre
35210175,Peel Memorial Centre
35210176,Peel Memorial Centre
35210177,Peel Memorial Centre
35210178,Peel Memorial Centre
35210179,Peel Memorial Centre
35210180,Peel Memorial Centre
35210181,Peel Memorial Centre
35210182,Peel Memorial Centre
35210183,Peel Memorial Centre
35210186,Peel Memorial Centre
35210187,Peel Memorial Centre
35210188,Peel Memorial Centre
35210189,Peel Memorial Centre
35210190,Peel Memorial Centre
35210191,Peel Memorial Centre
35210192,Peel Memorial Centre
35210193,Peel Memorial Centre
35210194,Peel Memorial Centre
35210195,Peel Memorial Centre
35210198,Peel Memorial Centre
35210199,Peel Memorial Centre
35210204,Peel Memorial Centre
35210205,Peel Memorial Centre
35210206,Peel Memorial Centre
35210207,Peel Memorial Centre
35210208,Peel Memorial Centre
35210209,Peel Memorial Centre
35210210,Peel Memorial Centre
35210211,Peel Memorial Centre
35210212,Peel Memorial Centre
35210213,Peel Memorial Centre
35210214,Peel Memorial Centre
35210215,Peel Memorial Centre
35210216,Peel Memorial Centre
35210217,Peel Memorial Centre
35210218,Peel Memorial Centre
35210219,Peel Memorial Centre
35210220,Peel Memorial Centre
35210221,Peel Memorial Centre
35210222,Peel Memorial Centre
35210223,Peel Memorial Centre
35210224,Peel Memorial Centre
35210225,Peel Memorial Centre
35210226,Peel Memorial Centre
35210227,Peel Memorial Centre
35210228,Peel Memorial Centre
35210229,Peel Memorial Centre
35210231,Peel Memorial Centre
35210233,Peel Memorial Centre
35210234,Peel Memorial Centre
35210239,Credit Valley Hospital
35210240,Credit Valley Hospital
35210241,Credit Valley Hospital
35210242,Credit Valley Hospital
35210243,Credit Valley Hospital
35210244,Credit Valley Hospital
35210245,Credit Valley Hospital
35210246,Credit Valley Hospital
35210247,Credit Valley Hospital
35210248,Credit Valley Hospital
35210249,Credit Valley Hospital
35210252,Credit Valley Hospital
35210253,Credit Valley Hospital
35210255,Credit Valley Hospital
35210256,Credit Valley Hospital
35210261,Credit Valley Hospital
35210262,Credit Valley Hospital
35210263,Credit Valley Hospital
35210264,Credit Valley Hospital
35210265,Credit Valley Hospital
35210266,Credit Valley Hospital
35210267,Credit Valley Hospital
35210268,Credit Valley Hospital
35210269,Credit Valley Hospital
35210270,Credit Valley Hospital
35210271,Credit Valley Hospital
35210272,Credit Valley Hospital
35210273,Credit Valley Hospital
35210274,Credit Valley Hospital
35210275,Mississauga Hospital
35210276,Mississauga Hospital
35210277,Mississauga Hospital
35210278,Mississauga Hospital
35210279,Mississauga Hospital
35210280,Mississauga Hospital
35210281,Mississauga Hospital
35210282,Mississauga Hospital
35210293,Mississauga Hospital
35210294,Mississauga Hospital
35210295,Mississauga Hospital
35210296,Mississauga Hospital
35210298,Mississauga Hospital
35210299,Mississauga Hospital
35210300,Mississauga Hospital
35210301,Mississauga Hospital
35210302,Mississauga Hospital
35210303,Mississauga Hospital
35210304,Mississauga Hospital
35210305,Mississauga Hospital
35210306,Mississauga Hospital
35210307,Mississauga Hospital
35210308,Mississauga Hospital
35210309,Mississauga Hospital
35210310,Mississauga Hospital
35210311,Mississauga Hospital
35210312,Mississauga Hospital
35210313,Mississauga Hospital
35210314,Mississauga Hospital
35210315,Mississauga Hospital
35210316,Mississauga Hospital
35210317,Mississauga Hospital
35210318,Mississauga Hospital
35210319,Mississauga Hospital
35210320,Mississauga Hospital
35210321,Mississauga Hospital
35210322,Mississauga Hospital
35210323,Mississauga Hospital
35210324,Mississauga Hospital
35210326,Mississauga Hospital
35210327,Mississauga Hospital
35210328,Mississauga Hospital
35210329,Mississauga Hospital
35210330,Mississauga Hospital
35210331,Mississauga Hospital
35210332,Mississauga Hospital
35210333,Mississauga Hospital
35210334,Mississauga Hospital
35210335,Mississauga Hospital
35210338,Mississauga Hospital
35210345,Mississauga Hospital
35210346,Mississauga Hospital
35210347,Mississauga Hospital
35210348,Mississauga Hospital
35210349,Mississauga Hospital
35210350,Mississauga Hospital
35210351,Mississauga Hospital
35210352,Mississauga Hospital
35210353,Mississauga Hospital
35210354,Mississauga Hospital
35210355,Mississauga Hospital
35210356,Mississauga Hospital
35210357,Mississauga Hospital
35210358,Mississauga Hospital
35210359,Mississauga Hospital
35210360,Mississauga Hospital
35210361,Mississauga Hospital
35210362,Mississauga Hospital
35210363,Mississauga Hospital
35210364,Mississauga Hospital
35210365,Mississauga Hospital
35210368,Mississauga Hospital
35210369,Mississauga Hospital
35210370,Mississauga Hospital
35210371,Mississauga Hospital
35210372,Mississauga Hospital
35210373,Mississauga Hospital
35210374,Mississauga Hospital
35210375,Mississauga Hospital
35210376,Mississauga Hospital
35210377,Mississauga Hospital
35210378,Mississauga Hospital
35210379,Mississauga Hospital
35210380,Mississauga Hospital
35210381,Mississauga Hospital
35210384,Mississauga Hospital
35210385,Mississauga Hospital
35210386,Mississauga Hospital
35210387,Mississauga Hospital
35210388,Mississauga Hospital
35210389,Mississauga Hospital
35210390,Mississauga Hospital
35210391,Mississauga Hospital
35210392,Mississauga Hospital
35210393,Mississauga Hospital
35210394,Mississauga Hospital
35210395,Mississauga Hospital
35210396,Mississauga Hospital
35210397,Mississauga Hospital
35210398,Mississauga Hospital
35210399,Mississauga Hospital
35210400,Mississauga Hospital
35210401,Mississauga Hospital
35210402,Mississauga Hospital
35210403,Mississauga Hospital
35210404,Mississauga Hospital
35210405,Mississauga Hospital
35210406,Mississauga Hospital
35210407,Mississauga Hospital
35210408,Mississauga Hospital
35210409,Mississauga Hospital
35210410,Mississauga Hospital
35210411,Mississauga Hospital
35210412,Mississauga Hospital
35210413,Mississauga Hospital
35210414,Mississauga Hospital
35210415,Mississauga Hospital
35210416,Mississauga Hospital
35210417,Mississauga Hospital
35210418,Mississauga Hospital
35210419,Mississauga Hospital
35210420,Mississauga Hospital
35210421,Mississauga Hospital
35210424,Mississauga Hospital
35210425,Credit Valley Hospital
35210426,Credit Valley Hospital
35210427,Credit Valley Hospital
35210428,Credit Valley Hospital
35210429,Credit Valley Hospital
35210430,Credit Valley Hospital
35210431,Credit Valley Hospital
35210432,Credit Valley Hospital
35210434,Credit Valley Hospital
35210435,Credit Valley Hospital
35210436,Credit Valley Hospital
35210437,Credit Valley Hospital
35210438,Credit Valley Hospital
35210439,Credit Valley Hospital
35210440,Credit Valley Hospital
35210441,Credit Valley Hospital
35210442,Credit Valley Hospital
35210443,Credit Valley Hospital
35210444,Credit Valley Hospital
35210445,Credit Valley Hospital
35210446,Credit Valley Hospital
35210448,Credit Valley Hospital
35210449,Credit Valley Hospital
35210450,Credit Valley Hospital
35210451,Credit Valley Hospital
35210452,Credit Valley Hospital
35210456,Credit Valley Hospital
35210457,Credit Valley Hospital
35210458,Credit Valley Hospital
35210459,Credit Valley Hospital
35210462,Credit Valley Hospital
35210465,Credit Valley Hospital
35210467,Credit Valley Hospital
35210468,Credit Valley Hospital
35210473,Credit Valley Hospital
35210474,Credit Valley Hospital
35210475,Credit Valley Hospital
35210479,Credit Valley Hospital
35210480,Credit Valley Hospital
35210481,Credit Valley Hospital
35210482,Credit Valley Hospital
35210483,Credit Valley Hospital
35210486,Credit Valley Hospital
35210487,Credit Valley Hospital
35210488,Credit Valley Hospital
35210489,Credit Valley Hospital
35210490,Credit Valley Hospital
35210491,Credit Valley Hospital
35210492,Credit Valley Hospital
35210493,Credit Valley Hospital
35210494,Credit Valley Hospital
35210495,Credit Valley Hospital
35210496,Credit Valley Hospital
35210497,Credit Valley Hospital
35210498,Credit Valley Hospital
35210501,Credit Valley Hospital
35210502,Credit Valley Hospital
35210503,Credit Valley Hospital
35210504,Credit Valley Hospital
35210505,Credit Valley Hospital
35210506,Credit Valley Hospital
35210507,Credit Valley Hospital
35210508,Credit Valley Hospital
35210509,Credit Valley Hospital
35210510,Credit Valley Hospital
35210511,Credit Valley Hospital
35210512,Credit Valley Hospital
35210513,Credit Valley Hospital
35210514,Credit Valley Hospital
35210515,Credit Valley Hospital
35210516,Credit Valley Hospital
35210517,Credit Valley Hospital
35210520,Credit Valley Hospital
35210521,Credit Valley Hospital
35210522,Credit Valley Hospital
35210526,Credit Valley Hospital
35210528,Credit Valley Hospital
35210530,Credit Valley Hospital
35210531,Credit Valley Hospital
35210532,Credit Valley Hospital
35210533,Credit Valley Hospital
35210536,Credit Valley Hospital
35210537,Credit Valley Hospital
35210539,Credit Valley Hospital
35210542,Credit Valley Hospital
35210543,Credit Valley Hospital
35210545,Credit Valley Hospital
35210547,Credit Valley Hospital
35210550,Credit Valley Hospital
35210551,Credit Valley Hospital
35210552,Credit Valley Hospital
35210553,Credit Valley Hospital
35210554,Credit Valley Hospital
35210555,Credit Valley Hospital
35210556,Credit Valley Hospital
35210557,Credit Valley Hospital
35210558,Credit Valley Hospital
35210559,Credit Valley Hospital
35210561,Credit Valley Hospital
35210564,Credit Valley Hospital
35210565,Credit Valley Hospital
35210566,Credit Valley Hospital
35210567,Credit Valley Hospital
35210569,Credit Valley Hospital
35210570,Credit Valley Hospital
35210571,Credit Valley Hospital
35210572,Credit Valley Hospital
35210573,Credit Valley Hospital
35210574,Credit Valley Hospital
35210575,Credit Valley Hospital
35210576,Credit Valley Hospital
35210577,Credit Valley Hospital
35210578,Credit Valley Hospital
35210579,Credit Valley Hospital
35210580,Credit Valley Hospital
35210583,Credit Valley Hospital
35210584,Credit Valley Hospital
35210585,Credit Valley Hospital
35210587,Credit Valley Hospital
35210588,Credit Valley Hospital
35210589,Credit Valley Hospital
35210590,Credit Valley Hospital
35210591,Credit Valley Hospital
35210592,Credit Valley Hospital
35210593,Credit Valley Hospital
35210598,Credit Valley Hospital
35210601,Credit Valley Hospital
35210602,Credit Valley Hospital
35210603,Credit Valley Hospital
35210604,Credit Valley Hospital
35210605,Credit Valley Hospital
35210606,Credit Valley Hospital
35210607,Credit Valley Hospital
35210609,Credit Valley Hospital
35210610,Credit Valley Hospital
35210611,Credit Valley Hospital
35210612,Credit Valley Hospital
35210613,Credit Valley Hospital
35210614,Credit Valley Hospital
35210615,Credit Valley Hospital
35210616,Credit Valley Hospital
35210617,Credit Valley Hospital
35210618,Credit Valley Hospital
35210621,Credit Valley Hospital
35210625,Credit Valley Hospital
35210626,Credit Valley Hospital
35210632,Credit Valley Hospital
35210633,Credit Valley Hospital
35210634,Credit Valley Hospital
35210635,Credit Valley Hospital
35210638,Credit Valley Hospital
35210639,Credit Valley Hospital
35210640,Credit Valley Hospital
35210641,Credit Valley Hospital
35210642,Credit Valley Hospital
35210644,Credit Valley Hospital
35210645,Credit Valley Hospital
35210646,Credit Valley Hospital
35210647,Credit Valley Hospital
35210651,Credit Valley Hospital
35210652,Credit Valley Hospital
35210653,Credit Valley Hospital
35210655,Credit Valley Hospital
35210656,Credit Valley Hospital
35210657,Credit Valley Hospital
35210659,Credit Valley Hospital
35210660,Credit Valley Hospital
35210661,Credit Valley Hospital
35210662,Credit Valley Hospital
35210663,Credit Valley Hospital
35210664,Credit Valley Hospital
35210665,Credit Valley Hospital
35210666,Credit Valley Hospital
35210667,Credit Valley Hospital
35210668,Credit Valley Hospital
35210669,Credit Valley Hospital
35210672,Credit Valley Hospital
35210673,Credit Valley Hospital
35210674,Credit Valley Hospital
35210675,Credit Valley Hospital
35210676,Credit Valley Hospital
35210679,Credit Valley Hospital
35210680,Credit Valley Hospital
35210681,Credit Valley Hospital
35210682,Credit Valley Hospital
35210683,Credit Valley Hospital
35210685,Credit Valley Hospital
35210686,Credit Valley Hospital
35210689,Credit Valley Hospital
35210690,Mississauga Hospital
35210691,Mississauga Hospital
35210692,Mississauga Hospital
35210693,Credit Valley Hospital
35210694,Credit Valley Hospital
35210695,Credit Valley Hospital
35210696,Credit Valley Hospital
35210697,Credit Valley Hospital
35210698,Credit Valley Hospital
35210699,Credit Valley Hospital
35210700,Credit Valley Hospital
35210701,Credit Valley Hospital
35210703,Credit Valley Hospital
35210704,Credit Valley Hospital
35210705,Credit Valley Hospital
35210706,Credit Valley Hospital
35210707,Credit Valley Hospital
35210708,Mississauga Hospital
35210709,Mississauga Hospital
35210710,Mississauga Hospital
35210711,Mississauga Hospital
35210714,Mississauga Hospital
35210715,Mississauga Hospital
35210716,Mississauga Hospital
35210717,Mississauga Hospital
35210718,Mississauga Hospital
35210719,Mississauga Hospital
35210720,Mississauga Hospital
35210721,Mississauga Hospital
35210722,Mississauga Hospital
35210723,Mississauga Hospital
35210724,Mississauga Hospital
35210725,Mississauga Hospital
35210726,Mississauga Hospital
35210727,Mississauga Hospital
35210730,Credit Valley Hospital
35210732,Credit Valley Hospital
35210733,Credit Valley Hospital
35210734,Credit Valley Hospital
35210735,Credit Valley Hospital
35210736,Credit Valley Hospital
35210737,Mississauga Hospital
35210738,Mississauga Hospital
35210739,Mississauga Hospital
35210740,Mississauga Hospital
35210741,Mississauga Hospital
35210742,Mississauga Hospital
35210743,Mississauga Hospital
35210747,Mississauga Hospital
35210748,Mississauga Hospital
35210749,Mississauga Hospital
35210750,Mississauga Hospital
35210751,Mississauga Hospital
35210752,Mississauga Hospital
35210753,Mississauga Hospital
35210754,Mississauga Hospital
35210755,Mississauga Hospital
35210756,Mississauga Hospital
35210757,Mississauga Hospital
35210758,Mississauga Hospital
35210759,Mississauga Hospital
35210764,Mississauga Hospital
35210766,Mississauga Hospital
35210772,Mississauga Hospital
35210773,Mississauga Hospital
35210774,Mississauga Hospital
35210775,Mississauga Hospital
35210776,Mississauga Hospital
35210777,Mississauga Hospital
35210778,Mississauga Hospital
35210779,Mississauga Hospital
35210781,Mississauga Hospital
35210782,Mississauga Hospital
35210783,Mississauga Hospital
35210784,Mississauga Hospital
35210785,Mississauga Hospital
35210786,Mississauga Hospital
35210787,Mississauga Hospital
35210788,Mississauga Hospital
35210789,Mississauga Hospital
35210790,Mississauga Hospital
35210791,Mississauga Hospital
35210792,Mississauga Hospital
35210793,Mississauga Hospital
35210794,Mississauga Hospital
35210795,Mississauga Hospital
35210796,Mississauga Hospital
35210797,Mississauga Hospital
35210798,Mississauga Hospital
35210799,Mississauga Hospital
35210800,Mississauga Hospital
35210801,Mississauga Hospital
35210802,Mississauga Hospital
35210803,Mississauga Hospital
35210804,Mississauga Hospital
35210806,Mississauga Hospital
35210807,Mississauga Hospital
35210808,Mississauga Hospital
35210809,Mississauga Hospital
35210811,Mississauga Hospital
35210812,Mississauga Hospital
35210815,Mississauga Hospital
35210816,Mississauga Hospital
35210826,Mississauga Hospital
35210827,Mississauga Hospital
35210828,Mississauga Hospital
35210829,Mississauga Hospital
35210830,Mississauga Hospital
35210831,Mississauga Hospital
35210832,Mississauga Hospital
35210833,Mississauga Hospital
35210834,Mississauga Hospital
35210835,Mississauga Hospital
35210836,Mississauga Hospital
35210837,Mississauga Hospital
35210838,Mississauga Hospital
35210839,Mississauga Hospital
35210840,Mississauga Hospital
35210841,Mississauga Hospital
35210842,Mississauga Hospital
35210843,Mississauga Hospital
35210844,Mississauga Hospital
35210845,Mississauga Hospital
35210846,Mississauga Hospital
35210847,Mississauga Hospital
35210848,Mississauga Hospital
35210849,Mississauga Hospital
35210850,Mississauga Hospital
35210851,Mississauga Hospital
35210852,Mississauga Hospital
35210855,Mississauga Hospital
35210862,Mississauga Hospital
35210876,Mississauga Hospital
35210878,Mississauga Hospital
35210886,Mississauga Hospital
35210887,Mississauga Hospital
35210889,Mississauga Hospital
35210890,Mississauga Hospital
35210891,Mississauga Hospital
35210896,Mississauga Hospital
35210897,Mississauga Hospital
35210898,Mississauga Hospital
35210899,Mississauga Hospital
35210900,Mississauga Hospital
35210901,Mississauga Hospital
35210902,Mississauga Hospital
35210903,Mississauga Hospital
35210905,Credit Valley Hospital
35210906,Credit Valley Hospital
35210908,Credit Valley Hospital
35210910,Mississauga Hospital
35210911,Credit Valley Hospital
35210912,Credit Valley Hospital
35210913,Credit Valley Hospital
35210914,Credit Valley Hospital
35210922,Mississauga Hospital
35210923,Mississauga Hospital
35210926,Credit Valley Hospital
35210927,Credit Valley Hospital
35210928,Credit Valley Hospital
35210929,Credit Valley Hospital
35210930,Credit Valley Hospital
35210931,Credit Valley Hospital
35210932,Credit Valley Hospital
35210933,Credit Valley Hospital
35210934,Credit Valley Hospital
35210935,Credit Valley Hospital
35210936,Credit Valley Hospital
35210937,Credit Valley Hospital
35210938,Credit Valley Hospital
35210939,Credit Valley Hospital
35210940,Credit Valley Hospital
35210941,Credit Valley Hospital
35210942,Credit Valley Hospital
35210943,Credit Valley Hospital
35210944,Credit Valley Hospital
35210945,Credit Valley Hospital
35210946,Credit Valley Hospital
35210947,Credit Valley Hospital
35210948,Credit Valley Hospital
35210949,Mississauga Hospital
35210951,Mississauga Hospital
35210952,Mississauga Hospital
35210953,Mississauga Hospital
35210954,Mississauga Hospital
35210955,Mississauga Hospital
35210956,Mississauga Hospital
35210957,Mississauga Hospital
35210958,Mississauga Hospital
35210959,Mississauga Hospital
35210961,Mississauga Hospital
35210964,Mississauga Hospital
35210967,Mississauga Hospital
35210970,Mississauga Hospital
35210972,Mississauga Hospital
35210973,Mississauga Hospital
35210974,Mississauga Hospital
35210975,Mississauga Hospital
35210976,Mississauga Hospital
35210977,Mississauga Hospital
35210981,Mississauga Hospital
35210984,Mississauga Hospital
35210985,Mississauga Hospital
35210989,Mississauga Hospital
35210993,Mississauga Hospital
35210996,Mississauga Hospital
35210997,Mississauga Hospital
35210998,Mississauga Hospital
35210999,Mississauga Hospital
35211000,Mississauga Hospital
35211001,Mississauga Hospital
35211003,Mississauga Hospital
35211005,Mississauga Hospital
35211006,Mississauga Hospital
35211007,Mississauga Hospital
35211008,Mississauga Hospital
35211009,Mississauga Hospital
35211010,Mississauga Hospital
35211011,Mississauga Hospital
35211013,Mississauga Hospital
35211014,Mississauga Hospital
35211016,Mississauga Hospital
35211017,Mississauga Hospital
35211018,Mississauga Hospital
35211019,Mississauga Hospital
35211021,Mississauga Hospital
35211022,Mississauga Hospital
35211023,Mississauga Hospital
35211024,Mississauga Hospital
35211025,Mississauga Hospital
35211031,Mississauga Hospital
35211033,Mississauga Hospital
35211034,Mississauga Hospital
35211035,Mississauga Hospital
35211036,Mississauga Hospital
35211037,Mississauga Hospital
35211038,Mississauga Hospital
35211039,Mississauga Hospital
35211044,Mississauga Hospital
35211046,Mississauga Hospital
35211052,Peel Memorial Centre
35211053,Peel Memorial Centre
35211054,Peel Memorial Centre
35211055,Peel Memorial Centre
35211056,Peel Memorial Centre
35211057,Peel Memorial Centre
35211058,Brampton Civic Hospital
35211059,Brampton Civic Hospital
35211060,Brampton Civic Hospital
35211061,Brampton Civic Hospital
35211065,Brampton Civic Hospital
35211066,Brampton Civic Hospital
35211067,Brampton Civic Hospital
35211068,Brampton Civic Hospital
35211069,Brampton Civic Hospital
35211070,Brampton Civic Hospital
35211071,Brampton Civic Hospital
35211072,Brampton Civic Hospital
35211073,Brampton Civic Hospital
35211074,Brampton Civic Hospital
35211077,Brampton Civic Hospital
35211078,Brampton Civic Hospital
35211079,Brampton Civic Hospital
35211080,Brampton Civic Hospital
35211081,Brampton Civic Hospital
35211082,Brampton Civic Hospital
35211083,Brampton Civic Hospital
35211084,Brampton Civic Hospital
35211085,Brampton Civic Hospital
35211086,Brampton Civic Hospital
35211087,Brampton Civic Hospital
35211088,Brampton Civic Hospital
35211089,Peel Memorial Centre
35211090,Peel Memorial Centre
35211091,Brampton Civic Hospital
35211092,Brampton Civic Hospital
35211093,Brampton Civic Hospital
35211094,Brampton Civic Hospital
35211095,Brampton Civic Hospital
35211096,Brampton Civic Hospital
35211097,Brampton Civic Hospital
35211098,Brampton Civic Hospital
35211099,Brampton Civic Hospital
35211102,Brampton Civic Hospital
35211103,Brampton Civic Hospital
35211104,Brampton Civic Hospital
35211105,Brampton Civic Hospital
35211106,Brampton Civic Hospital
35211107,Brampton Civic Hospital
35211108,Brampton Civic Hospital
35211109,Brampton Civic Hospital
35211110,Brampton Civic Hospital
35211111,Brampton Civic Hospital
35211112,Brampton Civic Hospital
35211113,Brampton Civic Hospital
35211114,Brampton Civic Hospital
35211120,Brampton Civic Hospital
35211121,Brampton Civic Hospital
35211122,Brampton Civic Hospital
35211123,Brampton Civic Hospital
35211124,Brampton Civic Hospital
35211125,Brampton Civic Hospital
35211126,Brampton Civic Hospital
35211127,Brampton Civic Hospital
35211128,Brampton Civic Hospital
35211130,Brampton Civic Hospital
35211131,Brampton Civic Hospital
35211132,Brampton Civic Hospital
35211133,Brampton Civic Hospital
35211134,Brampton Civic Hospital
35211135,Brampton Civic Hospital
35211136,Brampton Civic Hospital
35211137,Brampton Civic Hospital
35211138,Brampton Civic Hospital
35211140,Brampton Civic Hospital
35211141,Brampton Civic Hospital
35211142,Brampton Civic Hospital
35211143,Brampton Civic Hospital
35211144,Brampton Civic Hospital
35211145,Brampton Civic Hospital
35211146,Brampton Civic Hospital
35211147,Brampton Civic Hospital
35211148,Brampton Civic Hospital
35211149,Brampton Civic Hospital
35211150,Brampton Civic Hospital
35211151,Brampton Civic Hospital
35211152,Brampton Civic Hospital
35211155,Brampton Civic Hospital
35211156,Brampton Civic Hospital
35211158,Brampton Civic Hospital
35211159,Brampton Civic Hospital
35211160,Brampton Civic Hospital
35211162,Brampton Civic Hospital
35211170,Brampton Civic Hospital
35211174,Brampton Civic Hospital
35211176,Brampton Civic Hospital
35211177,Brampton Civic Hospital
35211179,Brampton Civic Hospital
35211180,Brampton Civic Hospital
35211181,Brampton Civic Hospital
35211182,Brampton Civic Hospital
35211183,Brampton Civic Hospital
35211196,Brampton Civic Hospital
35211205,Brampton Civic Hospital
35211206,Brampton Civic Hospital
35211207,Brampton Civic Hospital
35211209,Brampton Civic Hospital
35211210,Brampton Civic Hospital
35211211,Brampton Civic Hospital
35211215,Brampton Civic Hospital
35211216,Brampton Civic Hospital
35211218,Brampton Civic Hospital
35211221,Brampton Civic Hospital
35211222,Brampton Civic Hospital
35211223,Brampton Civic Hospital
35211224,Brampton Civic Hospital
35211227,Brampton Civic Hospital
35211228,Brampton Civic Hospital
35211229,Brampton Civic Hospital
35211230,Brampton Civic Hospital
35211231,Brampton Civic Hospital
35211232,Brampton Civic Hospital
35211242,Brampton Civic Hospital
35211243,Brampton Civic Hospital
35211244,Brampton Civic Hospital
35211245,Brampton Civic Hospital
35211246,Brampton Civic Hospital
35211248,Brampton Civic Hospital
35211249,Brampton Civic Hospital
35211250,Brampton Civic Hospital
35211251,Brampton Civic Hospital
35211253,Brampton Civic Hospital
35211254,Brampton Civic Hospital
35211255,Brampton Civic Hospital
35211256,Brampton Civic Hospital
35211257,Brampton Civic Hospital
35211258,Brampton Civic Hospital
35211259,Peel Memorial Centre
35211262,Peel Memorial Centre
35211263,Peel Memorial Centre
35211264,Peel Memorial Centre
35211265,Peel Memorial Centre
35211266,Peel Memorial Centre
35211267,Peel Memorial Centre
35211268,Peel Memorial Centre
35211269,Peel Memorial Centre
35211270,Peel Memorial Centre
35211271,Peel Memorial Centre
35211272,Peel Memorial Centre
35211273,Peel Memorial Centre
35211274,Peel Memorial Centre
35211275,Peel Memorial Centre
35211276,Peel Memorial Centre
35211277,Peel Memorial Centre
35211278,Peel Memorial Centre
35211281,Peel Memorial Centre
35211282,Peel Memorial Centre
35211283,Peel Memorial Centre
35211284,Peel Memorial Centre
35211285,Peel Memorial Centre
35211286,Peel Memorial Centre
35211287,Peel Memorial Centre
35211288,Peel Memorial Centre
35211289,Peel Memorial Centre
35211290,Peel Memorial Centre
35211291,Peel Memorial Centre
35211292,Peel Memorial Centre
35211293,Peel Memorial Centre
35211294,Peel Memorial Centre
35211297,Peel Memorial Centre
35211310,Peel Memorial Centre
35211312,Peel Memorial Centre
35211313,Peel Memorial Centre
35211316,Peel Memorial Centre
35211317,Peel Memorial Centre
35211318,Peel Memorial Centre
35211319,Peel Memorial Centre
35211320,Peel Memorial Centre
35211321,Peel Memorial Centre
35211322,Peel Memorial Centre
35211323,Peel Memorial Centre
35211324,Peel Memorial Centre
35211325,Peel Memorial Centre
35211336,Mississauga Hospital
35211337,Mississauga Hospital
35211338,Mississauga Hospital
35211339,Mississauga Hospital
35211349,Peel Memorial Centre
35211350,Peel Memorial Centre
35211351,Peel Memorial Centre
35211352,Peel Memorial Centre
35211353,Peel Memorial Centre
35211354,Peel Memorial Centre
35211355,Peel Memorial Centre
35211356,Peel Memorial Centre
35211357,Peel Memorial Centre
35211358,Peel Memorial Centre
35211359,Peel Memorial Centre
35211362,Peel Memorial Centre
35211363,Peel Memorial Centre
35211364,Peel Memorial Centre
35211365,Peel Memorial Centre
35211366,Peel Memorial Centre
35211367,Peel Memorial Centre
35211369,Peel Memorial Centre
35211370,Peel Memorial Centre
35211371,Peel Memorial Centre
35211375,Peel Memorial Centre
35211376,Peel Memorial Centre
35211386,Brampton Civic Hospital
35211394,Brampton Civic Hospital
35211397,Brampton Civic Hospital
35211399,Peel Memorial Centre
35211403,Brampton Civic Hospital
35211405,Brampton Civic Hospital
35211407,Peel Memorial Centre
35211415,Mississauga Hospital
35211416,Mississauga Hospital
35211417,Mississauga Hospital
35211419,Mississauga Hospital
35211421,Mississauga Hospital
35211422,Mississauga Hospital
35211425,Credit Valley Hospital
35211426,Mississauga Hospital
35211428,Credit Valley Hospital
35211430,Credit Valley Hospital
35211432,Mississauga Hospital
35211439,Mississauga Hospital
35211440,Mississauga Hospital
35211442,Mississauga Hospital
35211443,Mississauga Hospital
35211444,Credit Valley Hospital
35211446,Credit Valley Hospital
35211447,Mississauga Hospital
35211448,Mississauga Hospital
35211454,Brampton Civic Hospital
35211455,Peel Memorial Centre
35211459,Mississauga Hospital
35211464,Mississauga Hospital
35211465,Mississauga Hospital
35211466,Mississauga Hospital
35211471,Brampton Civic Hospital
35211472,Peel Memorial Centre
35211473,Mississauga Hospital
35211474,Mississauga Hospital
35211475,Mississauga Hospital
35211476,Credit Valley Hospital
35211477,Credit Valley Hospital
35211478,Credit Valley Hospital
35211479,Credit Valley Hospital
35211480,Credit Valley Hospital
35211481,Credit Valley Hospital
35211482,Credit Valley Hospital
35211484,Credit Valley Hospital
35211485,Credit Valley Hospital
35211486,Credit Valley Hospital
35211487,Mississauga Hospital
35211488,Credit Valley Hospital
35211489,Mississauga Hospital
35211490,Mississauga Hospital
35211491,Mississauga Hospital
35211492,Mississauga Hospital
35211493,Mississauga Hospital
35211496,Mississauga Hospital
35211497,Peel Memorial Centre
35211498,Peel Memorial Centre
35211499,Peel Memorial Centre
35211501,Peel Memorial Centre
35211502,Peel Memorial Centre
35211505,Mississauga Hospital
35211506,Mississauga Hospital
35211507,Credit Valley Hospital
35211508,Credit Valley Hospital
35211509,Credit Valley Hospital
35211510,Credit Valley Hospital
35211511,Credit Valley Hospital
35211513,Credit Valley Hospital
35211514,Credit Valley Hospital
35211515,Credit Valley Hospital
35211516,Credit Valley Hospital
35211517,Credit Valley Hospital
35211518,Credit Valley Hospital
35211519,Credit Valley Hospital
35211520,Credit Valley Hospital
35211521,Credit Valley Hospital
35211522,Credit Valley Hospital
35211523,Credit Valley Hospital
35211524,Credit Valley Hospital
35211525,Credit Valley Hospital
35211526,Credit Valley Hospital
35211527,Credit Valley Hospital
35211528,Brampton Civic Hospital
35211529,Brampton Civic Hospital
35211530,Brampton Civic Hospital
35211531,Brampton Civic Hospital
35211532,Brampton Civic Hospital
35211533,Brampton Civic Hospital
35211534,Brampton Civic Hospital
35211535,Brampton Civic Hospital
35211536,Brampton Civic Hospital
35211537,Brampton Civic Hospital
35211538,Brampton Civic Hospital
35211539,Brampton Civic Hospital
35211540,Brampton Civic Hospital
35211542,Brampton Civic Hospital
35211543,Brampton Civic Hospital
35211544,Brampton Civic Hospital
35211545,Brampton Civic Hospital
35211546,Peel Memorial Centre
35211547,Peel Memorial Centre
35211548,Peel Memorial Centre
35211549,Peel Memorial Centre
35211550,Peel Memorial Centre
35211551,Peel Memorial Centre
35211552,Peel Memorial Centre
35211553,Peel Memorial Centre
35211554,Peel Memorial Centre
35211555,Peel Memorial Centre
35211556,Peel Memorial Centre
35211557,Brampton Civic Hospital
35211558,Brampton Civic Hospital
35211559,Mississauga Hospital
35211561,Credit Valley Hospital
35211565,Credit Valley Hospital
35211566,Credit Valley Hospital
35211567,Mississauga Hospital
35211568,Mississauga Hospital
35211569,Brampton Civic Hospital
35211570,Brampton Civic Hospital
35211571,Brampton Civic Hospital
35211572,Brampton Civic Hospital
35211573,Brampton Civic Hospital
35211574,Brampton Civic Hospital
35211575,Brampton Civic Hospital
35211576,Brampton Civic Hospital
35211577,Brampton Civic Hospital
35211578,Brampton Civic Hospital
35211579,Brampton Civic Hospital
35211581,Brampton Civic Hospital
35211582,Peel Memorial Centre
35211583,Peel Memorial Centre
35211584,Peel Memorial Centre
35211585,Peel Memorial Centre
35211586,Peel Memorial Centre
35211587,Brampton Civic Hospital
35211588,Brampton Civic Hospital
35211590,Credit Valley Hospital
35211591,Credit Valley Hospital
35211592,Credit Valley Hospital
35211593,Credit Valley Hospital
35211597,Credit Valley Hospital
35211598,Credit Valley Hospital
35211599,Credit Valley Hospital
35211600,Brampton Civic Hospital
35211601,Brampton Civic Hospital
35211602,Brampton Civic Hospital
35211603,Brampton Civic Hospital
35211604,Brampton Civic Hospital
35211605,Brampton Civic Hospital
35211606,Brampton Civic Hospital
35211607,Brampton Civic Hospital
35211608,Brampton Civic Hospital
35211609,Brampton Civic Hospital
35211611,Brampton Civic Hospital
35211612,Brampton Civic Hospital
35211613,Brampton Civic Hospital
35211614,Brampton Civic Hospital
35211615,Brampton Civic Hospital
35211616,Brampton Civic Hospital
35211617,Brampton Civic Hospital
35211618,Brampton Civic Hospital
35211619,Brampton Civic Hospital
35211620,Brampton Civic Hospital
35211621,Brampton Civic Hospital
35211622,Brampton Civic Hospital
35211623,Brampton Civic Hospital
35211624,Brampton Civic Hospital
35211626,Brampton Civic Hospital
35211627,Brampton Civic Hospital
35211628,Brampton Civic Hospital
35211629,Brampton Civic Hospital
35211630,Brampton Civic Hospital
35211631,Brampton Civic Hospital
35211632,Brampton Civic Hospital
35211633,Brampton Civic Hospital
35211634,Brampton Civic Hospital
35211635,Brampton Civic Hospital
35211636,Brampton Civic Hospital
35211637,Brampton Civic Hospital
35211638,Brampton Civic Hospital
35211639,Brampton Civic Hospital
35211640,Brampton Civic Hospital
35211641,Brampton Civic Hospital
35211642,Brampton Civic Hospital
35211643,Brampton Civic Hospital
35211644,Brampton Civic Hospital
35211645,Brampton Civic Hospital
35211646,Brampton Civic Hospital
35211647,Brampton Civic Hospital
35211648,Brampton Civic Hospital
35211652,Brampton Civic Hospital
35211656,Brampton Civic Hospital
35211657,Brampton Civic Hospital
35211658,Brampton Civic Hospital
35211661,Brampton Civic Hospital
35211663,Brampton Civic Hospital
35211664,Brampton Civic Hospital
35211665,Brampton Civic Hospital
35211666,Brampton Civic Hospital
35211667,Brampton Civic Hospital
35211668,Brampton Civic Hospital
35211669,Brampton Civic Hospital
35211670,Brampton Civic Hospital
35211672,Brampton Civic Hospital
35211673,Brampton Civic Hospital
35211675,Brampton Civic Hospital
35211676,Brampton Civic Hospital
35211677,Brampton Civic Hospital
35211678,Brampton Civic Hospital
35211679,Brampton Civic Hospital
35211680,Brampton Civic Hospital
35211681,Brampton Civic Hospital
35211682,Brampton Civic Hospital
35211683,Brampton Civic Hospital
35211684,Brampton Civic Hospital
35211685,Brampton Civic Hospital
35211686,Brampton Civic Hospital
35211687,Brampton Civic Hospital
35211693,Brampton Civic Hospital
35211695,Brampton Civic Hospital
35211696,Peel Memorial Centre
35211697,Peel Memorial Centre
35211698,Peel Memorial Centre
35211699,Peel Memorial Centre
35211702,Peel Memorial Centre
35211704,Peel Memorial Centre
35211705,Peel Memorial Centre
35211706,Peel Memorial Centre
35211707,Peel Memorial Centre
35211708,Peel Memorial Centre
35211711,Peel Memorial Centre
35211712,Peel Memorial Centre
35211713,Peel Memorial Centre
35211714,Peel Memorial Centre
35211715,Peel Memorial Centre
35211718,Peel Memorial Centre
35211719,Peel Memorial Centre
35211720,Peel Memorial Centre
35211721,Peel Memorial Centre
35211723,Peel Memorial Centre
35211724,Peel Memorial Centre
35211725,Peel Memorial Centre
35211726,Peel Memorial Centre
35211727,Peel Memorial Centre
35211728,Peel Memorial Centre
35211729,Credit Valley Hospital
35211730,Peel Memorial Centre
35211731,Credit Valley Hospital
35211732,Peel Memorial Centre
35211733,Peel Memorial Centre
35211734,Peel Memorial Centre
35211735,Peel Memorial Centre
35211737,Peel Memorial Centre
35211738,Credit Valley Hospital
35211739,Credit Valley Hospital
35211740,Credit Valley Hospital
35211741,Credit Valley Hospital
35211742,Credit Valley Hospital
35211743,Credit Valley Hospital
35211744,Credit Valley Hospital
35211745,Credit Valley Hospital
35211746,Credit Valley Hospital
35211747,Credit Valley Hospital
35211748,Brampton Civic Hospital
35211749,Brampton Civic Hospital
35211750,Brampton Civic Hospital
35211751,Brampton Civic Hospital
35211754,Brampton Civic Hospital
35211755,Brampton Civic Hospital
35211756,Brampton Civic Hospital
35211757,Brampton Civic Hospital
35211758,Brampton Civic Hospital
35211760,Brampton Civic Hospital
35211761,Brampton Civic Hospital
35211762,Brampton Civic Hospital
35211763,Brampton Civic Hospital
35211764,Brampton Civic Hospital
35211765,Brampton Civic Hospital
35211766,Brampton Civic Hospital
35211767,Brampton Civic Hospital
35211768,Brampton Civic Hospital
35211769,Brampton Civic Hospital
35211770,Brampton Civic Hospital
35211772,Peel Memorial Centre
35211774,Brampton Civic Hospital
35211775,Peel Memorial Centre
35211776,Peel Memorial Centre
35211777,Peel Memorial Centre
35211778,Peel Memorial Centre
35211779,Peel Memorial Centre
35211780,Peel Memorial Centre
35211781,Peel Memorial Centre
35211782,Peel Memorial Centre
35211783,Peel Memorial Centre
35211784,Brampton Civic Hospital
35211785,Brampton Civic Hospital
35211788,Peel Memorial Centre
35211790,Peel Memorial Centre
35211791,Peel Memorial Centre
35211792,Peel Memorial Centre
35211793,Peel Memorial Centre
35211794,Peel Memorial Centre
35211795,Peel Memorial Centre
35211796,Peel Memorial Centre
35211797,Peel Memorial Centre
35211801,Peel Memorial Centre
35211802,Peel Memorial Centre
35211803,Peel Memorial Centre
35211804,Peel Memorial Centre
35211805,Peel Memorial Centre
35211806,Peel Memorial Centre
35211808,Peel Memorial Centre
35211809,Peel Memorial Centre
35211812,Peel Memorial Centre
35211814,Credit Valley Hospital
35211815,Credit Valley Hospital
35211816,Credit Valley Hospital
35211817,Credit Valley Hospital
35211818,Credit Valley Hospital
35211819,Credit Valley Hospital
35211820,Credit Valley Hospital
35211821,Credit Valley Hospital
35211822,Credit Valley Hospital
35211823,Credit Valley Hospital
35211824,Credit Valley Hospital
35211825,Credit Valley Hospital
35211828,Mississauga Hospital
35211830,Mississauga Hospital
35211831,Mississauga Hospital
35211832,Mississauga Hospital
35211833,Mississauga Hospital
35211834,Mississauga Hospital
35211835,Mississauga Hospital
35211836,Mississauga Hospital
35211837,Credit Valley Hospital
35211838,Credit Valley Hospital
35211839,Credit Valley Hospital
35211840,Credit Valley Hospital
35211841,Credit Valley Hospital
35211842,Credit Valley Hospital
35211843,Credit Valley Hospital
35211844,Credit Valley Hospital
35211845,Credit Valley Hospital
35211847,Credit Valley Hospital
35211848,Credit Valley Hospital
35211849,Credit Valley Hospital
35211850,Credit Valley Hospital
35211851,Credit Valley Hospital
35211852,Credit Valley Hospital
35211853,Credit Valley Hospital
35211854,Credit Valley Hospital
35211855,Credit Valley Hospital
35211856,Credit Valley Hospital
35211857,Credit Valley Hospital
35211859,Credit Valley Hospital
35211860,Credit Valley Hospital
35211861,Credit Valley Hospital
35211863,Credit Valley Hospital
35211864,Credit Valley Hospital
35211868,Credit Valley Hospital
35211871,Peel Memorial Centre
35211873,Peel Memorial Centre
35211874,Peel Memorial Centre
35211875,Peel Memorial Centre
35211876,Peel Memorial Centre
35211877,Peel Memorial Centre
35211878,Peel Memorial Centre
35211879,Brampton Civic Hospital
35211880,Brampton Civic Hospital
35211881,Brampton Civic Hospital
35211882,Brampton Civic Hospital
35211885,Brampton Civic Hospital
35211887,Brampton Civic Hospital
35211888,Peel Memorial Centre
35211890,Peel Memorial Centre
35211891,Peel Memorial Centre
35211892,Peel Memorial Centre
35211893,Peel Memorial Centre
35211894,Peel Memorial Centre
35211895,Peel Memorial Centre
35211896,Peel Memorial Centre
35211897,Peel Memorial Centre
35211898,Peel Memorial Centre
35211899,Peel Memorial Centre
35211900,Peel Memorial Centre
35211901,Peel Memorial Centre
35211903,Peel Memorial Centre
35211904,Peel Memorial Centre
35211905,Peel Memorial Centre
35211906,Peel Memorial Centre
35211907,Peel Memorial Centre
35211908,Peel Memorial Centre
35211909,Peel Memorial Centre
35211910,Peel Memorial Centre
35211911,Peel Memorial Centre
35211912,Peel Memorial Centre
35211913,Peel Memorial Centre
35211914,Peel Memorial Centre
35211915,Peel Memorial Centre
35211916,Peel Memorial Centre
35211919,Peel Memorial Centre
35211920,Peel Memorial Centre
35211921,Peel Memorial Centre
35211923,Credit Valley Hospital
35211924,Credit Valley Hospital
35211925,Credit Valley Hospital
35211926,Credit Valley Hospital
35211927,Credit Valley Hospital
35211928,Credit Valley Hospital
35211930,Credit Valley Hospital
35211931,Credit Valley Hospital
35211932,Credit Valley Hospital
35211933,Credit Valley Hospital
35211934,Credit Valley Hospital
35211935,Credit Valley Hospital
35211936,Mississauga Hospital
35211937,Mississauga Hospital
35211938,Mississauga Hospital
35211939,Mississauga Hospital
35211940,Credit Valley Hospital
35211942,Mississauga Hospital
35211944,Mississauga Hospital
35211945,Mississauga Hospital
35211946,Mississauga Hospital
35211947,Mississauga Hospital
35211948,Credit Valley Hospital
35211949,Credit Valley Hospital
35211950,Credit Valley Hospital
35211951,Credit Valley Hospital
35211952,Credit Valley Hospital
35211953,Credit Valley Hospital
35211954,Credit Valley Hospital
35211955,Credit Valley Hospital
35211956,Credit Valley Hospital
35211957,Credit Valley Hospital
35211958,Credit Valley Hospital
35211959,Credit Valley Hospital
35211960,Credit Valley Hospital
35211961,Brampton Civic Hospital
35211962,Brampton Civic Hospital
35211963,Brampton Civic Hospital
35211964,Brampton Civic Hospital
35211965,Credit Valley Hospital
35211966,Credit Valley Hospital
35211967,Credit Valley Hospital
35211968,Credit Valley Hospital
35211969,Credit Valley Hospital
35211970,Credit Valley Hospital
35211971,Credit Valley Hospital
35211972,Credit Valley Hospital
35211975,Peel Memorial Centre
35211976,Peel Memorial Centre
35211977,Peel Memorial Centre
35211978,Credit Valley Hospital
35211979,Credit Valley Hospital
35211981,Mississauga Hospital
35211983,Mississauga Hospital
35211984,Brampton Civic Hospital
35211985,Brampton Civic Hospital
35211986,Brampton Civic Hospital
35211987,Brampton Civic Hospital
35211988,Brampton Civic Hospital
35211989,Brampton Civic Hospital
35211990,Peel Memorial Centre
35211991,Peel Memorial Centre
35211993,Brampton Civic Hospital
35211995,Brampton Civic Hospital
35211996,Brampton Civic Hospital
35211997,Peel Memorial Centre
35211998,Peel Memorial Centre
35211999,Peel Memorial Centre
35212000,Peel Memorial Centre
35212001,Peel Memorial Centre
35212002,Peel Memorial Centre
35212003,Peel Memorial Centre
35212004,Peel Memorial Centre
35212005,Credit Valley Hospital
35212006,Credit Valley Hospital
35212007,Mississauga Hospital
35212009,Mississauga Hospital
35212011,Credit Valley Hospital
35212012,Credit Valley Hospital
35212013,Credit Valley Hospital
35212014,Credit Valley Hospital
35212021,Mississauga Hospital
35212022,Mississauga Hospital
35212023,Mississauga Hospital
35212024,Mississauga Hospital
35212025,Mississauga Hospital
35212026,Peel Memorial Centre
35212027,Peel Memorial Centre
35212028,Peel Memorial Centre
35212029,Peel Memorial Centre
35212030,Peel Memorial Centre
35212031,Peel Memorial Centre
35212032,Peel Memorial Centre
35212033,Peel Memorial Centre
35212034,Peel Memorial Centre
35212035,Peel Memorial Centre
35212036,Peel Memorial Centre
35212037,Peel Memorial Centre
35212039,Peel Memorial Centre
35212040,Peel Memorial Centre
35212041,Peel Memorial Centre
35212042,Peel Memorial Centre
35212044,Credit Valley Hospital
35212045,Credit Valley Hospital
35212046,Brampton Civic Hospital
35212047,Brampton Civic Hospital
35212048,Peel Memorial Centre
35212049,Peel Memorial Centre
35212050,Credit Valley Hospital
35212051,Credit Valley Hospital
35212052,Peel Memorial Centre
35212053,Peel Memorial Centre
35212054,Brampton Civic Hospital
35212055,Brampton Civic Hospital
35212059,Credit Valley Hospital
35212060,Credit Valley Hospital
35212062,Credit Valley Hospital
35212066,Peel Memorial Centre
35212069,Peel Memorial Centre
35212070,Peel Memorial Centre
35212071,Brampton Civic Hospital
35212072,Brampton Civic Hospital
35212074,Credit Valley Hospital
35212075,Mississauga Hospital
35212076,Credit Valley Hospital
35212077,Credit Valley Hospital
35212078,Credit Valley Hospital
35212079,Credit Valley Hospital
35212080,Credit Valley Hospital
35212081,Credit Valley Hospital
35212082,Mississauga Hospital
35212083,Mississauga Hospital
35212084,Brampton Civic Hospital
35212085,Brampton Civic Hospital
35212086,Credit Valley Hospital
35212087,Credit Valley Hospital
35212088,Credit Valley Hospital
35212089,Brampton Civic Hospital
35212090,Brampton Civic Hospital
35212091,Brampton Civic Hospital
35212094,Credit Valley Hospital
35212095,Credit Valley Hospital
35212096,Brampton Civic Hospital
35212098,Peel Memorial Centre
35212099,Peel Memorial Centre
35212100,Mississauga Hospital
35212101,Mississauga Hospital
35212102,Credit Valley Hospital
35212103,Credit Valley Hospital
35212104,Peel Memorial Centre
35212106,Mississauga Hospital
35212107,Mississauga Hospital
35212108,Credit Valley Hospital
35212109,Credit Valley Hospital
35212110,Credit Valley Hospital
35212111,Credit Valley Hospital
35212112,Credit Valley Hospital
35212113,Credit Valley Hospital
35212114,Credit Valley Hospital
35212115,Credit Valley Hospital
35212116,Brampton Civic Hospital
35212117,Brampton Civic Hospital
35212118,Mississauga Hospital
35212120,Credit Valley Hospital
35212121,Credit Valley Hospital
35212122,Peel Memorial Centre
35212123,Peel Memorial Centre
35212124,Brampton Civic Hospital
35212125,Brampton Civic Hospital
35212126,Brampton Civic Hospital
35212127,Peel Memorial Centre
35212128,Peel Memorial Centre
35212129,Peel Memorial Centre
35212132,Brampton Civic Hospital
35212133,Brampton Civic Hospital
35212135,Brampton Civic Hospital
35212136,Peel Memorial Centre
35212137,Peel Memorial Centre
35212139,Peel Memorial Centre
35212141,Credit Valley Hospital
35212144,Brampton Civic Hospital
35212146,Brampton Civic Hospital
35212147,Brampton Civic Hospital
35212148,Brampton Civic Hospital
35212155,Brampton Civic Hospital
35212156,Brampton Civic Hospital
35212157,Brampton Civic Hospital
35212158,Brampton Civic Hospital
35212159,Brampton Civic Hospital
35212160,Brampton Civic Hospital
35212163,Brampton Civic Hospital
35212165,Brampton Civic Hospital
35212166,Brampton Civic Hospital
35212168,Peel Memorial Centre
35212169,Peel Memorial Centre
35212170,Peel Memorial Centre
35212174,Peel Memorial Centre
35212175,Peel Memorial Centre
35212177,Peel Memorial Centre
35212178,Peel Memorial Centre
35212180,Brampton Civic Hospital
35212182,Peel Memorial Centre
35212184,Peel Memorial Centre
35212185,Peel Memorial Centre
35212186,Peel Memorial Centre
35212189,Brampton Civic Hospital
35212191,Brampton Civic Hospital
35212192,Brampton Civic Hospital
35212193,Brampton Civic Hospital
35212194,Brampton Civic Hospital
35212195,Brampton Civic Hospital
35212196,Brampton Civic Hospital
35212197,Brampton Civic Hospital
35212198,Brampton Civic Hospital
35212199,Brampton Civic Hospital
35212200,Brampton Civic Hospital
35212201,Brampton Civic Hospital
35212202,Brampton Civic Hospital
35212203,Brampton Civic Hospital
35212204,Brampton Civic Hospital
35212205,Brampton Civic Hospital
35212206,Brampton Civic Hospital
35212207,Brampton Civic Hospital
35212208,Brampton Civic Hospital
35212209,Peel Memorial Centre
35212211,Peel Memorial Centre
35212212,Peel Memorial Centre
35212213,Peel Memorial Centre
35212214,Peel Memorial Centre
35212215,Peel Memorial Centre
35212216,Peel Memorial Centre
35212217,Peel Memorial Centre
35212218,Peel Memorial Centre
35212219,Peel Memorial Centre
35212220,Peel Memorial Centre
35212221,Peel Memorial Centre
35212222,Peel Memorial Centre
35212223,Brampton Civic Hospital
35212224,Peel Memorial Centre
35212225,Peel Memorial Centre
35212226,Peel Memorial Centre
35212227,Peel Memorial Centre
35212228,Peel Memorial Centre
35212229,Peel Memorial Centre
35212230,Peel Memorial Centre
35212231,Brampton Civic Hospital
35212232,Peel Memorial Centre
35212233,Brampton Civic Hospital
35212234,Brampton Civic Hospital
35212235,Brampton Civic Hospital
35212236,Peel Memorial Centre
35212237,Peel Memorial Centre
35212238,Brampton Civic Hospital
35212239,Brampton Civic Hospital
35212240,Brampton Civic Hospital
35212241,Brampton Civic Hospital
35212242,Brampton Civic Hospital
35212243,Brampton Civic Hospital
35212244,Brampton Civic Hospital
35212245,Brampton Civic Hospital
35212246,Brampton Civic Hospital
35212247,Brampton Civic Hospital
35212248,Brampton Civic Hospital
35212249,Brampton Civic Hospital
35212250,Brampton Civic Hospital
35212251,Brampton Civic Hospital
35212252,Brampton Civic Hospital
35212253,Brampton Civic Hospital
35212254,Brampton Civic Hospital
35212255,Brampton Civic Hospital
35212256,Brampton Civic Hospital
35212257,Brampton Civic Hospital
35212258,Brampton Civic Hospital
35212259,Brampton Civic Hospital
35212260,Brampton Civic Hospital
35212261,Brampton Civic Hospital
35212262,Brampton Civic Hospital
35212265,Brampton Civic Hospital
35212266,Brampton Civic Hospital
35212267,Peel Memorial Centre
35212268,Peel Memorial Centre
35212269,Peel Memorial Centre
35212270,Peel Memorial Centre
35212271,Peel Memorial Centre
35212272,Peel Memorial Centre
35212273,Brampton Civic Hospital
35212274,Brampton Civic Hospital
35212275,Peel Memorial Centre
35212276,Peel Memorial Centre
35212278,Credit Valley Hospital
35212280,Credit Valley Hospital
35212282,Mississauga Hospital
35212283,Mississauga Hospital
35212284,Mississauga Hospital
35212285,Mississauga Hospital
35212286,Mississauga Hospital
35212287,Mississauga Hospital
35212288,Brampton Civic Hospital
35212289,Brampton Civic Hospital
35212290,Mississauga Hospital
35212291,Mississauga Hospital
35212292,Brampton Civic Hospital
35212293,Brampton Civic Hospital
35212294,Mississauga Hospital
35212295,Mississauga Hospital
35212296,Mississauga Hospital
35212297,Credit Valley Hospital
35212298,Credit Valley Hospital
35212299,Credit Valley Hospital
35212300,Credit Valley Hospital
35212301,Credit Valley Hospital
35212302,Mississauga Hospital
35212303,Mississauga Hospital
35212304,Mississauga Hospital
35212305,Mississauga Hospital
35212306,Mississauga Hospital
35212307,Mississauga Hospital
35212308,Mississauga Hospital
35212309,Mississauga Hospital
35212310,Mississauga Hospital
35212311,Brampton Civic Hospital
35212312,Brampton Civic Hospital
35212313,Mississauga Hospital
35212314,Mississauga Hospital
35212315,Mississauga Hospital
35212316,Mississauga Hospital
35212317,Mississauga Hospital
35212318,Mississauga Hospital
35212319,Credit Valley Hospital
35212320,Credit Valley Hospital
35212321,Mississauga Hospital
35212322,Mississauga Hospital
35212323,Mississauga Hospital
35212324,Mississauga Hospital
35212325,Credit Valley Hospital
35212326,Credit Valley Hospital
35212327,Mississauga Hospital
35212328,Mississauga Hospital
35212329,Mississauga Hospital
35212330,Credit Valley Hospital
35212331,Credit Valley Hospital
35212332,Credit Valley Hospital
35212333,Credit Valley Hospital
35212334,Peel Memorial Centre
35212335,Credit Valley Hospital
35212336,Credit Valley Hospital
35212337,Credit Valley Hospital
35212342,Peel Memorial Centre
35212343,Peel Memorial Centre
35212344,Peel Memorial Centre
35212345,Peel Memorial Centre
35212346,Peel Memorial Centre
35212347,Peel Memorial Centre
35212348,Peel Memorial Centre
35212349,Peel Memorial Centre
35212350,Peel Memorial Centre
35212351,Peel Memorial Centre
35212352,Peel Memorial Centre
35212353,Brampton Civic Hospital
35212354,Brampton Civic Hospital
35212355,Brampton Civic Hospital
35212356,Brampton Civic Hospital
35212357,Brampton Civic Hospital
35212358,Mississauga Hospital
35212359,Mississauga Hospital
35212360,Credit Valley Hospital
35212361,Credit Valley Hospital
35212362,Brampton Civic Hospital
35212363,Brampton Civic Hospital
35212364,Brampton Civic Hospital
35212365,Brampton Civic Hospital
35212366,Mississauga Hospital
35212367,Mississauga Hospital
35212368,Brampton Civic Hospital
